Day,P1,P2,P3,P4,P5,P6,P7,P8,P9
Monday,,,BREAK,CD (Sec 3A4) [lecture] @N411,CD (Sec 3A4) [lecture] @N411,,BREAK,,
Tuesday,,,BREAK,CD (Sec 3A5) [lecture] @N410,CD (Sec 3A5) [lecture] @N410,,BREAK,CD (Sec 3A4) [lecture] @N410,
Wednesday,,,BREAK,,,CD (Sec 3A5) [lecture] @N410,BREAK,,CD (Sec 3A6) [lecture] @N401
Thursday,,CD (Sec 3A6) [lecture] @N408,BREAK,CD (Sec 3A6) [lecture] @N412,,,BREAK,,
Friday,CD (Sec 3A4) [lecture] @N405,CD (Sec 3A5) [lecture] @N403,BREAK,,CD (Sec 3A5) [lecture] @N410,,BREAK,CD (Sec 3A6) [lecture] @N415,CD (Sec 3A5) [lecture] @N413
Saturday,CD (Sec 3A6) [lecture] @N409,CD (Sec 3A6) [lecture] @N409,BREAK,CD (Sec 3A4) [lecture] @N410,,,BREAK,CD (Sec 3A4) [lecture] @N412,
