Day,P1,P2,P3,P4,P5,P6,P7,P8,P9
Monday,,,BREAK,DMT (Sec 3A5) [lecture] @N403,,,BREAK,DMT-LAB (Sec 3A6) [lab] @N406,DMT-LAB (Sec 3A6) [lab] @N406
Tuesday,DMT (Sec 3A6) [lecture] @N412,,BREAK,,,,BREAK,DMT (Sec 3A6) [lecture] @N403,DMT (Sec 3A4) [lecture] @N410
Wednesday,,,BREAK,DMT-LAB (Sec 3A5) [lab] @N410,DMT-LAB (Sec 3A5) [lab] @N410,,BREAK,DMT (Sec 3A4) [lecture] @N406,
Thursday,,,BREAK,DMT-LAB (Sec 3A4) [lab] @N411,DMT-LAB (Sec 3A4) [lab] @N411,,BREAK,,
Friday,,,BREAK,DMT (Sec 3A5) [lecture] @N410,,DMT (Sec 3A4) [lecture] @N401,BREAK,DMT (Sec 3A5) [lecture] @N413,
Saturday,,,BREAK,DMT (Sec 3A6) [lecture] @N404,,,BREAK,,
