Day,P1,P2,P3,P4,P5,P6,P7,P8,P9
Monday,,,BREAK,,,,BREAK,CD (Sec 3A2) [lecture] @N404,
Tuesday,CD (Sec 3A3) [lecture] @N414,,BREAK,,,,BREAK,,CD (Sec 3A2) [lecture] @N413
Wednesday,CD (Sec 3A2) [lecture] @N413,,BREAK,,CD (Sec 3A2) [lecture] @N401,CD (Sec 3A3) [lecture] @N413,BREAK,,CD (Sec 3A3) [lecture] @N409
Thursday,,,BREAK,,CD (Sec 3A1) [lecture] @N413,CD (Sec 3A3) [lecture] @N406,BREAK,,CD (Sec 3A1) [lecture] @N405
Friday,,CD (Sec 3A1) [lecture] @N404,BREAK,CD (Sec 3A1) [lecture] @N413,,,BREAK,,
Saturday,CD (Sec 3A2) [lecture] @N405,CD (Sec 3A3) [lecture] @N410,BREAK,CD (Sec 3A1) [lecture] @N415,CD (Sec 3A1) [lecture] @N415,CD (Sec 3A2) [lecture] @N408,BREAK,,CD (Sec 3A3) [lecture] @N407
